Codigo,Descripcion,Cupo,Watts,Industrial,Refrigerado,Pesable
145000800,BIO FRESCURA CAMPOS DE HIELO 20*800,0.08,0,0,0,0
144000800,BIO FRESCURA DESIERTO FLO 20*800 GRS,0.06,0,0,0,0
141000800,BIO FRESCURA 20*800 GRS,0.06,0,0,0,0
141000400,BIO FRESCURA 24*400 GRS,0.06,0,0,0,0
53002750,WYN ANTIGRASA 6*750 ML,0.08,0,0,0,0
52002750,WYN LIMPIAVIDRIOS MULTIUSO 6*750 ML RTS,0.08,0,0,0,0
51002750,WYN LAVALOZA 6X750MLRTS,0.08,0,0,0,0
30001365,AC. CHEF EXTRAVIRGEN 12X500,0.03,1,0,0,0
30001363,AC CHEF EXTRAVIRGEN 12*250,0.03,1,0,0,0
30001362,ACEITE CHEF EXTRA VIRGEN 6X1,0.03,1,0,0,0
30001158,ACEITE CRISTAL VEGETAL 12X900 nacional,0.03,1,0,0,0
30001151,LENTEJAS NEGRAS WASIL 16X380,0.03,1,0,0,0
30001150,CALO CRECER +1 BL 1.5KG,0.03,1,0,0,0
30001128,LECHE LONCO CHOCO 12X500,0.03,1,0,0,0
30001127,CREMA LISTA LONCOLECHE 12*500,0.03,1,0,0,0
30001094,Yogur Griego CF FRUTILLA 8 UN 150 Grs,0.03,1,0,1,0
30001093,Yogur Griego CF PAPAYA 8 UN 150 Grs,0.03,1,0,1,0
30001092,Yogur Griego CF DURAZ 8 UN 150 Grs,0.03,1,0,1,0
30001091,Yogur Griego CF FRUTOS DEL BOS 8 UN 150,0.03,1,0,1,0
30001086,Yogur Griego CLASSIC NATURAL 8 UN 150 Gr,0.03,1,0,1,0
30001081,Yogur Griego trozo FRUTILLA 8 UN 110 gr,0.03,1,0,1,0
30001080,Yogur Griego trozo DURAZ 8 UN 110 grs,0.03,1,0,1,0
30001079,Yogur Griego trozo PAPAYA 8 UN 110 grs,0.03,1,0,1,0
30001076,YOG GRIE SABOR CHIRIMOYA 8*110 GRS,0.03,1,0,1,0
30001075,YOG GRIE SABOR FRUTILLA 8*110 GRS,0.03,1,0,1,0
30001071,YOG AC DES SL TR CHIFLLA 48X120,0.03,1,0,1,0
30001070,YOG AC DES SL TR PÑA 48X120,0.03,1,0,1,0
30001069,YOG AC DES SL TR MGOMYA 48X120,0.03,1,0,1,0
30001064,LONCO VEGE SOYA TZO MGO MCYA* 8(24*140,0.03,1,0,1,0
30001063,LONCO VEGE SOYA TZO FRUTILLA *8(24*140),0.03,1,0,1,0
30001062,LNCO VEGETAL ALMEN SAB NAT END *8(24*140,0.03,1,0,1,0
30001058,LONCO PROTEIN YOGU.ARAND 24X140 GRS,0.03,1,0,1,0
30001057,LONCO PROTEIN YOGURT VAINILLA CAJA 24X14,0.03,1,0,1,0
30001056,LONCO PROTEIN YOGURT FLL3X8X140 G,0.03,1,0,0,0
30001055,LONCO PROTEIN YOG.NAT ENDULZA 24X140 GRS,0.03,1,0,1,0
30001052,Y.BOL CA VAIN 12x1 NUEVA CAJA,0.03,1,0,1,0
30001051,Y.BOL CA FRUT 12x1 NUEVA CAJA,0.03,1,0,1,0
30001050,Y.BOL CA DAMA 12x1 NUEVA CAJA,0.03,1,0,1,0
30001049,Y.BOL CA CHIR 12x1 NUEVA CAJA,0.03,1,0,1,0
30001048,LS8 CAL PROB MORA UNV P6 CAJA,0.03,1,0,1,0
30001047,LS8 CAL PROB MULT UNV 8*6*90 ML,0.03,1,0,1,0
30001046,LS8 CAL PROB MZNA UNV 8*6*90 ml,0.03,1,0,1,0
30001045,LS8 CAL PROB FRUT 8*6*90ML,0.03,1,0,1,0
30001044,Yogur Calan DAMASCO(8 UN 110 grs),0.05,1,0,1,0
30001043,Yogur Calan CHIRIMOYA (8 UN 110 grs),0.05,1,0,1,0
30001042,Yogur Calan VAINILLA(8 UN 110 grs),0.05,1,0,1,0
30001041,Yogur Calan FRUTILLA (8 UN 110 grs),0.05,1,0,1,0
30001020,YOG DAN L&F SABOR VLLACAJA 48X115 GRS,0.03,1,0,1,0
30001019,YOG DAN L&F ARANDANO 115 GRS CAJA 48,0.03,1,0,1,0
30001018,YOG DAN LIGHT NATU 115 CAJA 48,0.03,1,0,1,0
30001017,YOG DAN LIGHT FRUT 115 CAJA 48,0.03,1,0,1,0
30000676,DUR MTDS WSL 20X820,0.03,1,0,0,0
30000675,DUR TROCITO WSL 20X820,0.03,1,0,0,0
30000674,ARVEJITAS WSL 48X300,0.03,1,0,0,0
30000671,LENTEJAS CON CHORIZO WSL16X380,0.03,1,0,0,0
30000668,POROTOS ROJOS 16X380,0.03,1,0,0,0
30000667,CREMA DE LENTEJAS WASIL 16X380,0.03,1,0,0,0
30000666,CREMA DE ZAPALLO WASIL 16X380,0.03,1,0,0,0
30000665,CREMA DE ESPARRAGOS 16X380,0.03,1,0,0,0
30000662,CREMA TOMATE WASIL 16X380G,0.03,1,0,0,0
30000661,JALEA REGI NARAN/PLAT 6X4X100,0.03,1,0,1,0
30000660,JALEA REGI ARANDANO 6*4*100,0.03,1,0,1,0
30000659,JALEA REGI LIMA LIMON 6X4X100,0.03,1,0,1,0
30000658,JALEA REGI FRAMBUESA 6X4X100,0.03,1,0,1,0
30000653,TOMATICAN WSL 16X380G,0.03,1,0,0,0
30000648,CARBONADA WSL 16*380,0.03,1,0,0,0
30000646,MERMELADA REGI MANGO 24X200,0.03,1,0,0,0
30000645,CHOCLO DULCE 16X500,0.03,1,0,0,0
30000644,DURAZNOS CUBITOS WSL 16X500,0.03,1,0,0,0
30000643,POROTO WASIL 16X380,0.03,1,0,0,0
30000642,POROTOS GRANADOS WASIL 16X380,0.03,1,0,0,0
30000640,ARANDANO WASIL 16X380,0.03,1,0,0,0
30000639,GARBANZOS WS 16X380 GRS,0.03,1,0,0,0
30000638,LENTEJAS WS 16X380 GRS,0.03,1,0,0,0
30000637,POROTOS NEGROS WS 16X380 GRS,0.03,1,0,0,0
30000636,MERM REGIMEL MORA 24X200,0.03,1,0,0,0
30000635,MERM REGIMEL FRUTILLA 24X200,0.03,1,0,0,0
30000634,MERM REGIMEL DURAZNO 24X200,0.03,1,0,0,0
30000633,MERM REGIMEL DAMASCO 24X200,0.03,1,0,0,0
30000632,MERM REGIMEL CIRUELA 24X200,0.03,1,0,0,0
30000631,MERM REGIMEL BERRIES 24 X 200,0.03,1,0,0,0
30000630,CHOCLO DULCE 16X340,0.03,1,0,0,0
30000629,DURAZNOS CUBITOS REGIMEL 16X380,0.03,1,0,0,0
30000628,ENSALADA DE VERDURAS 16X340,0.03,1,0,0,0
30000627,ARVEJITAS ESPECIALES 16X340,0.03,1,0,0,0
30000626,DURAZNOS CUBITOS 16X380,0.03,1,0,0,0
30000621,PIÑAS CUBITOS WSL 3 KG,0.03,1,1,0,0
30000620,PIÑAS RODAJAS WSL 3 KG,0.03,1,1,0,0
30000619,COCTEL WSL 3 KG,0.03,1,1,0,0
30000618,PALMITOS WSL 12X800,0.03,1,0,0,0
30000617,PALMITOS EN RODAJAS WSL 12X800,0.03,1,0,0,0
30000616,PALMITOS WSL 24X400,0.03,1,0,0,0
30000615,PALMITOS RODAJAS WSL 24X400,0.03,1,0,0,0
30000614,CHOCLO COCTEL WSL 24X425,0.03,1,0,0,0
30000613,CHAMPIGNON LAMINADO WSL 24X400,0.03,1,0,0,0
30000612,CHAMPIGNON ENTERO WSL 24X400,0.03,1,0,0,0
30000610,PIÑA CUBITOS 24X560 WSL,0.03,1,0,0,0
30000609,PIÑA RODAJAS WSL 24X560,0.03,1,0,0,0
30000608,COCTEL DE FRUTAS WSL 24X560,0.03,1,0,0,0
30000607,DURAZNOS TROZO WASIL 3 KG,0.03,1,1,0,0
30000606,FRUTILLAS AL JUGO 24X410,0.03,1,0,0,0
30000604,DURAZNOS MITADES REGIMEL 24X560,0.03,1,0,0,0
30000603,DURAZNO MITADES WSL 3 KG,0.03,1,1,0,0
30000600,DURAZNOS TROZO WSL 24X590,0.03,1,0,0,0
30000599,DURAZNOS MITADES WSL 24X590,0.03,1,0,0,0
30000596,VINO TTO G.RESVA CAR 14º 6X750,0.03,1,0,0,0
30000595,VINO TTO G.RESVA CAB 14º6X750,0.03,1,0,0,0
30000593,SC SPARKLING DEMI RRP BOT 13° 6X750,0.03,1,0,0,0
30000592,SC SPARKLING BRUT RRP BOT 13° 6X750,0.03,1,0,0,0
30000589,VINO TTO RSVA ESP VSC CR BOT 13° 6X750,0.03,1,0,0,0
30000579,VINO TTO PLATA MECS135° 6X750,0.03,1,0,0,0
30000578,VINO TTO PLATA CSSZ135° 6X750,0.03,1,0,0,0
30000563,QUESO LAS PARCELAS LAM S/ BORDES 12X500G,0.03,1,0,1,0
30000561,QUESO LAS PARCELAS TZO 12X500G,0.03,1,0,1,0
30000560,QUESO LAS PARCELAS LAMINA 16*350G,0.03,1,0,1,0
30000559,QUESO LAS PARCELAS TROZO 16*350G,0.03,1,0,1,0
30000556,GAUDA CALO LAMINADO 16X250G,0.03,1,0,0,0
30000555,GAUDA CALO LAMINADO 12X1KG,0.03,1,0,1,0
30000550,COBERTURA CHOCOLATE LECHE 16X1,0.03,1,1,0,0
30000549,COBERTURA CHOC. BLANCO 16X1,0.03,1,1,0,0
30000548,COBERTURA CHOC. SEMIBITER 16X1,0.03,1,1,0,0
30000547,CREMA PAST. CALO PREMIUM 20X400,0.03,1,1,0,0
30000544,BEBIDA VEGETAL LONCO ARROZ COCO 6X1,0.03,1,0,0,0
30000543,BEBIDA VEGETAL LONCO AVENA 6X1,0.03,1,0,0,0
30000538,PREP HELADO PR CHOC 1X10 BOLSA,0.03,1,1,0,0
30000537,PREP. HELADO PR BOC 1X10 BOLSA,0.03,1,1,0,0
30000527,QUESO CREMA CALO 10*1.36,0.03,1,1,1,0
30000525,LECHE BCA ENTERA LONCO 12X500,0.03,1,0,0,0
30000524,LECHE BCA DESC LONCO12X1,0.05,1,0,0,0
30000523,LECHE BCA SEMI LONCO12X1,0.05,1,0,0,0
30000522,LECHE BCA ENTERA LONCO 12X1,0.05,1,0,0,0
30000516,LONCO PROTEINMILK CHOCO 12X1,0.03,1,0,0,0
30000514,LONCO PROTEIN MILK CAPP 12X1,0.03,1,0,0,0
30000502,LECHE CULTIVADA S/L PAPAYA 6X900,0.03,1,0,1,0
30000501,LECHE CULTIVA S/L ARANDANO 6X900,0.03,1,0,1,0
30000500,LECHE CULTIVADA LIGHT CHIRI 6X900,0.03,1,0,1,0
30000499,LECHE CULTIVADA LIGHT VAINI 6X900,0.03,1,0,1,0
30000498,LECHE CULTIVADA LIGHT FRUTI 6X900,0.03,1,0,1,0
30000485,MANJAR DOYPACK 12*400,0.03,1,0,0,0
30000481,LONCOLECHE EXTRA PROTEINA 12X1,0.03,1,0,0,0
30000479,CHOCO AVELLANAS LONCO 12X1,0.03,1,0,0,0
30000478,CAPPUCCINO LONCOLECHE 12X1,0.03,1,0,0,0
30000476,PH ESTANDAR MORA CREMA 12X1,0.03,1,1,0,0
30000472,LECHE LONCOLECHE ALMENDRA 6X1LT,0.03,1,0,0,0
30000471,SUPER CALO CHOCOLATE 30X176 CC,0.03,1,0,0,0
30000469,MANTEQUILLA CALO UNTAB 12X350,0.03,1,0,1,0
30000444,QUESO LAS PARCELAS LAMINA 30X350G,0.03,1,0,1,0
30000436,PROT SHOT VAINILLA PACK 8X6X100,0.03,1,0,1,0
30000435,PROT SHOT BERRIS PACK 8X6X100,0.03,1,0,1,0
30000428,PR. H BASE ARTESANAL 12X1 TETR,0.03,1,1,0,0
30000423,LECHE DES MANJAR LIG LCO30X200,0.03,1,0,0,0
30000421,LECHE S/LACTOSA VAINILLA 12X1,0.03,1,0,0,0
30000413,CREMA VEGETAL CALO 12X1,0.03,1,1,0,0
30000409,YOGURT POTE LON S/LACT TROZ BERRI 6*8,0.03,1,0,1,0
30000408,YOGURT POTE LON S/LAC TROZ DURAZ 6*8*120,0.03,1,0,1,0
30000407,YOG POT LON STL PAP 6X8X120,0.03,1,0,1,0
30000403,LECHE L. S/LAC DES CHOCO 12X1,0.03,1,0,0,0
30000401,LECHE FRUTILLA LONCO 30X200,0.03,1,0,0,0
30000400,LECHE CHOC LONCO 30X200,0.03,1,0,0,0
30000399,LECHE NAT LONCO 30X200,0.03,1,0,0,0
30000398,LECHE S/LACT CHOC LONCO 30*200,0.03,1,0,0,0
30000395,LP CALO CRECER 4+ 10X800 GRS,0.03,1,0,0,0
30000394,LP CALO CRECER 1+ 10X800 GRS,0.03,1,0,0,0
30000392,MANJAR CALO DULCE RELLENO 2X6,0.03,1,1,0,0
30000391,ALIMEN SOYA LIQUIDO CHOCO 12X1,0.03,1,0,0,0
30000390,ALIMEN SOYA LIQUIDO NATU 12X1,0.03,1,0,0,0
30000389,GAUDA CALO LAMINADO 6X1KG ESPECIAL,0.03,1,1,1,0
30000386,SALSA HELADERÍA MANJAR 10X1,0.03,1,1,0,0
30000384,CREMA S/LAC LONCO 30X200,0.03,1,0,0,0
30000383,CREMA S/LACT LONCOLECHE 12X1,0.03,1,0,0,0
30000382,PURITA FORTIFICADA 10X800,0.03,1,0,0,0
30000380,LP CALO SEMIDESCREMADA 14X400,0.03,1,0,0,0
30000378,LP CALO INSTANTANEA 14X400,0.03,1,0,0,0
30000377,LP CALO EXTRA CALCIO 10X800,0.03,1,0,0,0
30000376,LP CALO SEMIDESCREMADA 10X800,0.03,1,0,0,0
30000375,SUPER CALO POLVO 12x10X120DISP,0.03,1,0,0,0
30000371,YOG POT LON S/L CHI 48X120,0.03,1,0,1,0
30000370,YOG POT LON S/L FRU 48X120,0.03,1,0,1,0
30000366,GAUDA CALO LAMINADO 2X5 KG,0.03,1,0,1,1
30000362,MANJAR CALO DULCE CHILENO 2X6,0.03,1,1,0,0
30000361,MANJAR CALO PAST ARTESANAL 2X5,0.03,1,1,0,0
30000360,LECHE S/LACTOS EXTRA CALCIO 12X1,0.03,1,0,0,0
30000359,CREMA TRES LECHES CALO 12X1 LT,0.03,1,1,0,0
30000358,LECHE POLVO 0% CALO 20X800,0.03,1,0,0,0
30000356,CREMA PASTELERA CALO 12X350,0.03,1,1,0,0
30000355,LECHE DESC CHOC LIG LCO 5X6X200,0.03,1,0,0,0
30000354,LECHE S/LACTOS SEMI LCO 5X6X200,0.03,1,0,0,0
30000353,LECHES/LACTOSA DESC LONCO 12X1,0.03,1,0,0,0
30000352,LECHE DESC CHOC LIGHT LCO 12X1,0.03,1,0,0,0
30000351,LECHE VAINILLA 30X200CC,0.03,1,0,0,0
30000350,CREMA PASTEURIZADA CALO 6*1,0.03,1,1,1,0
30000347,CREMA LISTA LONCO LIGHT 30*200,0.03,1,0,0,0
30000343,CREMA PARA BATIR CALO 12X1000,0.03,1,0,0,0
30000340,PREP HELADO BASE 12X1 TETRA,0.03,1,1,0,0
30000339,PREP HELADO LUCUMA TETRA 12X1,0.03,1,1,0,0
30000338,PREP HELADO BOCADO TETRA 12X1,0.03,1,1,0,0
30000337,PREP HELADO CHOC TETRA12X1,0.03,1,1,0,0
30000336,PREP HELADO FRUTILLA TETRA 12*1,0.03,1,1,0,0
30000335,QUESO PIZZERIAS 2X3.5 KG,0.03,1,1,1,0
30000334,CREMA PARA BATIR LONCO 12X1,0.03,1,0,0,0
30000332,LECHE VAINILLA LONCO 12X1 LT,0.03,1,0,0,0
30000331,LECHE PLATANO LONCO 12X1 LT,0.03,1,0,0,0
30000330,LECHE FRUTILLA LONCO 12X1 LT,0.03,1,0,0,0
30000329,LECHE CHOCOLATE LONCO 12X1 LT,0.03,1,0,0,0
30000328,LECHE LCO S/LACTOSA CHOCO 12*1,0.03,1,0,0,0
30000327,LECHE LCO S/LOACTOSA FRUTILLA 12X1,0.03,1,0,0,0
30000326,LECHE S/LACTOSASEMI LONCO 12X1 LT,0.03,1,0,0,0
30000325,LECHE LONCO S/LAC NAT ENT 12X1,0.03,1,0,0,0
30000321,L POLVO LONCO S/LAC 10X800GRS,0.03,1,0,0,0
30000318,YOGU YUGO CHIRIMOYA 30X200,0.03,1,0,0,0
30000317,SUPER CALO CHOCOLATE 12X1 LT,0.03,1,0,0,0
30000311,SHAKE SHAKE MANJAR 30X170,0.03,1,0,0,0
30000310,SHAKE SHAKE CHOCOLATE 30X170,0.03,1,0,0,0
30000309,YOGU YOGU MORA 30X200,0.03,1,0,0,0
30000308,YOGU YOGU VAINILLA 30X200,0.03,1,0,0,0
30000307,YOGU YOGU PIÑA 30X200,0.03,1,0,0,0
30000306,YOGU YOGU DAMASCO 30X200,0.03,1,0,0,0
30000305,YOGU YOGU FRUTILLA 30X200,0.03,1,0,0,0
30000304,QUESO GAUDA CALO P-3,0.05,1,0,1,1
30000303,MANTEQUILLA PANIF LONCO 10X1,0.03,1,1,1,0
30000302,MANTEQUILLA CALO 20X250,0.03,1,0,1,0
30000301,MANTEQUILLA CALO 40X125,0.05,1,0,1,0
30000300,LECHE PLATANO LONCO 30X200,0.03,1,0,0,0
30000298,QUESO MANTECOSO SAN RAFAEL T8,0.03,1,0,1,1
30000295,VINO TTO R.MLIA 14.5 6X750CC,0.03,1,0,0,0
30000293,VINO TTO R.FMLIA CS 14.5 6X750 CC,0.03,1,0,0,0
30000292,VINO TTO ORO CR 14.5 12X750CC,0.03,1,0,0,0
30000291,VINO BCO ORO CY BOT 14° 12X750 CC,0.03,1,0,0,0
30000290,VINO TTO ORO MER 14.5 12X750CC,0.03,1,0,0,0
30000289,VINO BCO ORO SB 13.5 12X750CC,0.03,1,0,0,0
30000288,VINO TTO ORO CS 14 12X750CC,0.03,1,0,0,0
30000287,VINO TTO 3EST CR 13.5 12X750CC,0.03,1,0,0,0
30000286,VINO TTO VSC CABER BOT 145° 6X750,0.03,1,0,0,0
30000282,VINO TTO 2EST CS 13.5º 12X700C,0.03,1,0,0,0
30000275,VINO BCO 3EST SAUV 13.5 12X750,0.03,1,0,0,0
30000274,VINO TTO 3EST MER 13.5 12X750,0.03,1,0,0,0
30000273,VINO TTO 3EST CAB 13.5 12X750,0.03,1,0,0,0
30000270,JALEA REGI MARACUYA 6X4X100,0.03,1,0,1,0
30000268,SALSA TOM DAMP SACHET 24X200,0.03,1,0,0,0
30000260,NEC W SELECCION LIMONADA 6X1 LT,0.03,1,0,1,0
30000253,NEC W SELECCION MGOMARAC 6X1 LT,0.03,1,0,1,0
30000252,NEC W SELECCION FRAM 6X1 LT,0.03,1,0,1,0
30000251,NEC W SELECCION GUAYABA 6X1,0.03,1,0,1,0
30000250,JUGO FRESCO ARANDANO 6X1 LT,0.03,1,0,1,0
30000248,NECTAR WATTS PIÑA 12X1,0.03,1,0,0,0
30000247,NECTAR WATT´S DAMASCO 12X1 LT,0.03,1,0,0,0
30000246,NECTAR WATTS DURAZNO 12X1,0.03,1,0,0,0
30000245,NECTAR WATTS MANZANA 12X1,0.03,1,0,0,0
30000244,NECTAR WATTS NARANJA 12X1X,0.03,1,0,0,0
30000242,JUGO FRESCO PIÑA LIGHT 6X1 LT,0.03,1,0,1,0
30000240,JUGO FRESCO NARANJA LIGHT 6X1,0.03,1,0,1,0
30000239,JUGO FRESCO PIÑA 6*1,0.03,1,0,1,0
30000238,JUGO FRESCO NARANJA 6X1,0.03,1,0,1,0
30000205,JUGO FRESCO NARANJA 6X175,0.03,1,0,1,0
30000201,JARABE DE REMOJO 4X5 LT,0.03,1,1,0,0
30000195,DULCE MEMBRILLO WATT´S 12X1 KG,0.03,1,0,0,0
30000194,DULCE MEMBRILLO WATTS 12X250,0.03,1,0,0,0
30000193,DULCE MORA 12X500,0.03,1,0,0,0
30000192,DULCE MEMBRILLO 12X500,0.03,1,0,0,0
30000190,DULCE CIRUELA 12X500 GR,0.03,1,0,0,0
30000188,DULCE MEMBRILLO POTE 12*500,0.03,1,0,0,0
30000187,MERMELADA W GOLD LUCUMA 5 KLS.,0.03,1,1,0,0
30000186,MERMELADA W GOLD PINA 5 KLS.,0.03,1,1,0,0
30000185,MERM W GOLD FRAMBUESA 5 GLN,0.03,1,1,0,0
30000184,MERM W GOLD FRUTILLA 5 KILOS,0.03,1,1,0,0
30000183,MERMELADA W. GOLD GUINDA 5 KILOS,0.03,1,1,0,0
30000182,MERMELADA W GOLD MORA 5 KILOS,0.03,1,1,0,0
30000181,MERM W GOLD DAMASCO 5 GLN,0.03,1,1,0,0
30000180,MER W S/AZUCHARANDAN 24X200,0.03,1,0,0,0
30000179,MERMELADA W S/AZU SACH FRAMB 24X200,0.03,1,0,0,0
30000178,MERMELADA W S/AZU SACH MORA 24X200,0.03,1,0,0,0
30000177,MERM W S/A SACH DSCO 24X200G,0.03,1,0,0,0
30000176,MERM W S/A SACH DZNO 24X200G,0.03,1,0,0,0
30000173,MERM W S/A DOYP DZNO 12X350,0.03,1,0,0,0
30000172,MERME BERRIES DOYP S/A 12X350,0.03,1,0,0,0
30000169,MERM W S/A SACH FRUTI 24X200G,0.03,1,0,0,0
30000167,MERMELADA WATTS DAMASCO 12X400,0.03,1,0,0,0
30000166,MERMELADA WATTS FRUT 12X400,0.03,1,0,0,0
30000165,MERMELADA WATTS MORA 12X400,0.03,1,0,0,0
30000164,MERMELADA WATT IND GUINDA 6X1,0.03,1,1,0,0
30000163,MERMELADA WATTS IND DAMASCO6X1,0.03,1,1,0,0
30000162,MERMELADA WATTS INDU FRAMB 6X1,0.03,1,1,0,0
30000161,MERMELADA ALCAYOTA DIET 24X250,0.03,1,0,0,0
30000157,MERMELADA FRAMBUESA DIET24X250,0.03,1,0,0,0
30000156,MERMELADA FRUTILLA DIET 24X250,0.03,1,0,0,0
30000155,MERMELADA MORA DIET 24X250,0.03,1,0,0,0
30000154,MERMELADA DURAZNO DIET 24X250,0.03,1,0,0,0
30000153,MERMELADA DAMASCO DIET 24X250,0.03,1,0,0,0
30000152,MERMELADA FRUTILLA LL24X250,0.03,1,0,0,0
30000151,MERMELADA MORA L.L. 24X250,0.03,1,0,0,0
30000150,MERMELADA DURAZNO LL 24X250,0.03,1,0,0,0
30000149,MERMELADA DAMASCO LL 24X250,0.03,1,0,0,0
30000147,MERMELADA FRAMBUESA 24X250,0.03,1,0,0,0
30000146,MERMELADA FRUTILLA 24X250 WATTS,0.03,1,0,0,0
30000145,MERMELADA CIRUELA 24X250,0.03,1,0,0,0
30000144,MERMELADA ALCAYOTA 24X250 WATTS,0.03,1,0,0,0
30000143,MERMELADA MORA 24X250 WATTS,0.03,1,0,0,0
30000142,MERMELADA DURAZNO 24X250 WATTS,0.03,1,0,0,0
30000141,MERMELADA DAMASCO 24X250 WATTS,0.03,1,0,0,0
30000140,MER SACH FRUTAS DEL SUR 24*250,0.03,1,0,0,0
30000139,MERMELADA MORA 12X250XGRS,0.03,1,0,0,0
30000138,MERMELADA FRUTILLA 12X250GRS,0.03,1,0,0,0
30000137,MERMELADA DAMASCO 12X250GRS,0.03,1,0,0,0
30000136,MERMELADA DURAZNO 12X250XGRS,0.03,1,0,0,0
30000133,MERM W GOLD/TAMIZ DCO GLN 5 K,0.03,1,1,0,0
30000128,CRUCINA SABOR PLUS 10*1,0.03,1,1,1,0
30000120,CRUCINA ESPECIAL CERDO 10*1,0.03,1,1,1,0
30000119,MANTECA PALMIN 6X12X100GRS,0.03,1,0,1,0
30000118,CRUCINA 20X1,0.03,1,1,1,0
30000117,MANTECA PALMIN 40X200,0.03,1,0,1,0
30000116,MANTECA ASTRA 6X12X100GRDISPLAY,0.03,1,0,1,0
30000115,MANTECA ASTRA 40X200 GR,0.03,1,0,1,0
30000114,CRUCINA PANADERA 10X1,0.03,1,1,1,0
30000112,CRUCINA ESPECIAL VACUNO 10X1,0.03,1,1,1,0
30000111,CRUCINA PLUS 10X1 KG,0.03,1,1,1,0
30000110,HORNITO PANADERIA BOLSA 10X1KG,0.03,1,1,1,0
30000109,BATERKRIM 1X20 KG,0.03,1,1,1,0
30000108,HORNITO HOJA 1X20 KGS,0.03,1,1,1,0
30000107,HORNITO HORNEO 1X20,0.03,1,1,1,0
30000106,CONDESA HORNEO VEGETAL 20X1,0.03,1,1,1,0
30000105,CONDESA BATERKRIM VEGETAL 20X1,0.03,1,1,1,0
30000104,HORNITO HOJA 20X1,0.03,1,1,1,0
30000103,HORNITO HORNEO 20X1,0.03,1,1,1,0
30000102,CONDESA HOJA VEGETAL 10X2,0.03,1,1,1,0
30000100,MARG LCO UNTAB A.OLIVA 24X250,0.03,1,0,1,0
30000099,MARG LCO UNTAB A.COCO 24X250,0.03,1,0,1,0
30000097,MARGARINA CALO MIX 12X350,0.03,1,0,1,0
30000093,MARGARI SUREÑA POTE MIX 12X500,0.03,1,0,1,0
30000091,CRUCINA PANADERA VEGETAL 10X1,0.03,1,1,1,0
30000090,MANTECA CRUCINA 6X12X100,0.03,1,0,1,0
30000088,MARG LONCO C/L SIN LACT 12X500,0.03,1,0,1,0
30000086,MANTEQ LONCO S/COLPOTE 24X250,0.03,1,0,1,0
30000083,MARGARINA CALO LIGHT 12X500,0.03,1,0,1,0
30000079,MANTECA CRUCINA 40X200GR,0.03,1,0,1,0
30000077,GRASA PAMPERO BLOQUE 10X1,0.03,1,1,1,0
30000075,MARG. CALO CAJA 6X12X125G DISPLAY,0.03,1,0,1,0
30000074,MARG. PAMPERITA 10X1 BOLSA,0.03,1,0,1,0
30000073,MARG PAMPERITA 10X1,0.03,1,0,1,0
30000072,MARGARINA SUREÑA DIET12X500,0.03,1,0,1,0
30000071,MARGARINA SUREÑA 12x500,0.03,1,0,1,0
30000070,MARGARINA SUREÑA 6X1,0.03,1,0,1,0
30000069,MARGARINA SUREÑA 6X12X125G DISPLAY,0.03,1,0,1,0
30000068,MARGARINA SUREÑA LIGHT 6X1KG,0.03,1,0,1,0
30000066,MARG. PAMPERITA 6X12X100 DISPLAY,0.03,1,0,1,0
30000065,CRUZTECA FRITO MASTER ST 2X10,0.03,1,1,0,0
30000063,AC BELMONT VEG 16*900,0.03,1,0,0,0
30000061,ACEITE BELMONT CANOLA 12X1,0.03,1,0,0,0
30000057,AC. CHEF MARAVILLA 4X5 LT,0.03,1,0,0,0
30000055,AC. CHEF PEPITA UVA 30X500,0.03,1,0,0,0
30000054,AC. CHEF PEPITA UVA 12X1,0.03,1,0,0,0
30000053,AC. CHEF OLIVA 12X1 LT,0.03,1,0,0,0
30000052,AC. MAIZ 12X1 LT,0.03,1,0,0,0
30000050,AC. CHEF MARAVILLA 30X500ML,0.03,1,0,0,0
30000049,AC. CHEF MARAVILLA 12*1,0.03,1,0,0,0
30000048,ACEITE INDU L. REINA FREIR 4X5,0.03,1,0,0,0
30000047,ACEITE INDUS L.REINA VEG 4X5L,0.03,1,0,0,0
30000046,AC. MAZOLA CANOLA 12X1 LT,0.03,1,0,0,0
30000045,AC. MAZOLA MAIZ 12X1 LTRS,0.03,1,0,0,0
30000043,ACEITE BELMONT FREIR 12X1 LT,0.03,1,0,0,0
30000041,AC. BELMONT 4 X 5,0.03,1,0,0,0
30000039,ACEITE BELMONT 10X250ML,0.03,1,0,0,0
30000038,AC. BELMONT 12X1,0.03,1,0,0,0
30000028,ACEITE CHEF VEGETAL 16*1,0.03,1,0,0,0
30000011,Leche Moments 30*200 cc CAPUCCINO,0.03,1,0,0,0
30000010,LS8 L. MOMENTS CAPUC 1 L CAJA,0.03,1,0,0,0
30000009,Leche Moments 30*200 cc CARAMEL,0.03,1,0,0,0
30000008,Leche Moments 30*200 cc MOCACCINO,0.03,1,0,0,0
30000007,L. UHT MOMENTS CARAM 1 L CAJA,0.03,1,0,0,0
30000006,L. UHT MOMENTS MOCAC 1 L CAJA,0.03,1,0,0,0
30000004,Leche Uht Calan 200 cc FRUTILLA,0.03,1,0,0,0
16021200,BIO FRESCURA LIQ.BOS.NATIV.6*1.5 LT,0.08,0,0,0,0
16002872,JAB SACHET MIXTO 60 ML 50XCJA,0.08,0,0,0,0
16002722,JBN MAQUI Y ACAI DP 10*900,0.08,0,0,0,0
16002703,DIELLI LAVA DP 12*500 ML,0.08,0,0,0,0
16002660,ACOND DETOX NUTRICION,0.08,0,0,0,0
16002657,SHAMPOO DETOX NUTRICION,0.08,0,0,0,0
16002652,SHAMPOO MICEL BAJO POO DP10*900,0.08,0,0,0,0
16002622,ACOND DETOX COCO ALOE 10X900,0.08,0,0,0,0
16002619,SHAMPOO DETOX COCO ALOE,0.08,0,0,0,0
16002613,SHAMPOO DETOX ROMETO DP 901,0.08,0,0,0,0
16002567,Fuzol Lavalozas Vinagre Dp 12*1000ml,0.08,0,0,0,0
16002566,Fuzol Lavalozas Limón Dp. 12*1000 ml,0.08,0,0,0,0
16002495,ACOND DETOX HIERBA DP 10*900 ML,0.08,0,0,0,0
16002494,SHAM DETOX HIERBA DP 10*900,0.08,0,0,0,0
16002492,ACOND DETOX TE VERDE DP 10*900 ML,0.08,0,0,0,0
16002491,SHAMP DETOX TE VER DP 10*900,0.08,0,0,0,0
16002487,FUZOL DET PIEL DELICADA DP 12*1,0.08,0,0,0,0
16002486,FUZOL DETERGENTE FORTE DP 12*1,0.08,0,0,0,0
16002279,SUAVELINA AC PLACENTA FR 10*1000 ML,0.08,0,0,0,0
16002277,SUAVELINA AC MANZANILLA FR 10*1000 ML,0.08,0,0,0,0
16002276,SUAVELINA SH BABY FR 10*1000 ML,0.08,0,0,0,0
16002275,SUAVELINA SH QUILLAY FR 10*1000 ML,0.08,0,0,0,0
16002274,SUAVELINA SH PLACENTA FR 10*1000 ML,0.08,0,0,0,0
16002273,SUAVELINA SH HERBAL FR 10*1000 ML,0.08,0,0,0,0
16002272,SUAVELINA SH MANZANILLA FR 10*1000 ML,0.08,0,0,0,0
16002263,JBN COCO JAZ DP 10*900,0.08,0,0,0,0
16002235,ACOND SIN SAL COCO JAZ DP 10*900 ML,0.08,0,0,0,0
16002232,JBN ARAN LIMA DP 10*900 ML HOR,0.08,0,0,0,0
16002230,ACOND SIN SAL ARAND LIMA DP 10*900,0.08,0,0,0,0
16002228,SHAMP SIN SAL ARAN LIMA DP 10*900,0.08,0,0,0,0
16002222,SHAMPOO SIN SAL COCO JAZ DP 10*900,0.08,0,0,0,0
16002122,ACOND SIN SAL PALTA Y ALMENDRA 10*900ML,0.08,0,0,0,0
16002119,SHAMPOO SIN SAL PALTA Y ALMENDRA DP 900,0.08,0,0,0,0
16002117,JBN GRANADA ANTIOXIDANTE DP 900,0.08,0,0,0,0
16002116,ACOND SIN SAL GRANADA DP 10*900ML,0.08,0,0,0,0
16002114,SHAMPOO SIN SAL GRANADA DP 900,0.08,0,0,0,0
16002048,JBN MANZANA MIELDP 900 ML,0.08,0,0,0,0
16002045,JBN YOG BERRIES Y VAINILLA DP 1*900,0.08,0,0,0,0
16002030,JBN BABYLEE 10*900 ML HOR,0.08,0,0,0,0
16001970,SHAMPOO MANZANILLA DP 900,0.08,0,0,0,0
16001967,SHAM HIPOALERG DP 900,0.08,0,0,0,0
16001934,ACOND MANZANILLA DP 900,0.08,0,0,0,0
16001859,JBN YOG VAIN COCO DP 900 BALL,0.08,0,0,0,0
16001856,JBN HIPOALER DP 900 HOR,0.08,0,0,0,0
16001855,JBN YOG ARANDANOS DP 900 ML HOR,0.08,0,0,0,0
16001854,JBN AVENA ALMEN 900DP HOR,0.08,0,0,0,0
16001853,JBN YOGUT MIEL DP 900BALL,0.08,0,0,0,0
16001851,JBN VIOLETAS SIL DP 900 HOR,0.08,0,0,0,0
16001850,JBN CREMA HUMEC DP 900 HOR,0.08,0,0,0,0
16001528,DETERGENTE FUZOL LIQ 12*500,0.08,0,0,0,0
16000419,DIELLI LAVAL LIMON 6X2 LT,0.08,0,0,0,0
16000385,BALL FZL LAVALO LIM 12X500,0.08,0,0,0,0
16000377,BALL FZL SUAV PRIMAVERA 10X1,0.08,0,0,0,0
16000376,BALL FZL SUAV CLASIC 10X1,0.08,0,0,0,0
16000375,BALL FZL SUAV COLOR PLUS 10X1,0.08,0,0,0,0
16000364,FUZOL LIMP COCINA ANTIGRASA 12*500,0.08,0,0,0,0
16000342,BALL FZL SUAV PIEL SENS 10X1 LT,0.08,0,0,0,0
16000334,BALL SHAM MIXTO 50X10,0.08,0,0,0,0
16000225,BALL ACOND MIXTO 50X10,0.08,0,0,0,0
15001140,BALL FZL APRESTO 24*60,0.08,0,0,0,0
3510004,SALSA DE SOYA 12*500 VIDRIO,0.08,0,0,0,0
3510001,SALSA DE SOYA 6*250 (24),0.08,0,0,0,0
3006600,ARROZ TUCAPEL MEDIO (10*500),0.08,0,0,0,0
3000024,Arroz tucapel GRAN SELEC G1 LAM 10*1,0.08,0,0,0,0
3000009,ARROZ TUCAPEL 10*1 GR 2,0.08,0,0,0,0
2403706,QUESO RALLADO 15 X 80 GR COLUN,0.08,0,0,0,0
2403609,QUESO RALLADO *10 UN(2403609),0.08,0,0,0,0
2241439,MANJAR COLUN BOL 36*250,0.08,0,0,0,0
2241129,MANJAR COLUN POTE 24*200,0.08,0,0,0,0
1008845,CHANCACA 24*400 GRS DELICIOSA,0.08,0,0,0,0
1008708,DESODORANTE AROM VAIF 12*225 GRS,0.08,0,0,0,0
1008531,DESODORANTE AROM FMAR 12*225 GRS,0.08,0,0,0,0
1008418,DESODORANTE AROM FCIT 12*225 (1008685),0.08,0,0,0,0
1008324,DESODORANTE AROM CALEGRE 12*225 GRS,0.08,0,0,0,0
1007695,INSECTICIDA KILLER A Y C 12*560 CC,0.05,0,0,0,0
1007688,INSECTICIDA KILLER TODO.INSECTO 12*560,0.05,0,0,0,0
1007671,INSECTICIDA KILLER M Y Z 12*560 CC,0.08,0,0,0,0
1007664,INSECTICIDA KILLER C YJ 12*560 CC,0.05,0,0,0,0
1005974,SURT CALDILLO DEYCO x 6 (24X425 )900451,0.08,0,0,0,0
1005509,LAVALOZA VIRG 18*200 ML,0.08,0,0,0,0
1003178,VIRG LAVALO.LCIT 12X1000 (1170085),0.08,0,0,0,0
1003000,LIMPIADOR CLOROGEL IGENIX FLO10*900ML,0.08,0,0,0,0
1002997,LIMPIADOR CLOROGEL IGENIX LAV 10*900,0.08,0,0,0,0
1002940,MOSTAZA DP HEINZ 24*200 GRS,0.08,0,0,0,0
1002898,VIRG RENOVADOR LIQ BLA 12X60,0.08,0,0,0,0
1002859,VIRG BETUN LIQ CAFE 12X60,0.08,0,0,0,0
1002843,VIRG BETUN LIQ. NEG 12X60,0.08,0,0,0,0
1002812,LUSTRAMUEBLES VIRGINIA 12*250 ML CLASIC,0.08,0,0,0,0
1002799,VIRG LIMPIAVIDRIOS 12X250(1009224),0.08,0,0,0,0
1002652,VIRG BET PASTA CAF 4X12X88,0.08,0,0,0,0
1002645,VIRG BET PASTA NEG 4X12X88 1009767,0.08,0,0,0,0
1002553,IGENIX AMONIO CUATERNARIO 12*900,0.08,0,0,0,0
1002528,TABASCO GARLIC SAUCE 12*60 ML,0.08,0,0,0,0
1002508,BRILL CERA TCOLOR 10X360,0.08,0,0,0,0
1002492,BRILL CERA INCOL 10X360 1009644,0.08,0,0,0,0
1002485,BRILL CERA ROJ DP 10X360,0.08,0,0,0,0
1002478,BRILL CERA AMAR DP 10X360,0.08,0,0,0,0
1002409,VIRG LAVALO LCIT 10X450,0.08,0,0,0,0
1002362,LAVALOZAS VIRGINIA FrutS 15x500 ml,0.08,0,0,0,0
1002324,VIRG SPNJA ZPTOS NEG 12X1,0.08,0,0,0,0
1002317,VIRG SPONJA ZPTOS NEU 12X1,0.08,0,0,0,0
1002300,VIRG LAVALO LCIT 12X750L,0.08,0,0,0,0
1002294,VIRG LAVALOS LCIT 15X500,0.08,0,0,0,0
1001785,CERA A/BRILLO VIRG ROJ 12*900 ML,0.08,0,0,0,0
1001778,CERA A/BRILLO VIRG INC 12*900ML,0.08,0,0,0,0
1001655,DESINFEC.IGENIX TRA 12*360 CC(1000849),0.08,0,0,0,0
1000856,DESINFEC IGENIX LAV 12*360 CC,0.08,0,0,0,0
1000849,DESINFEC IGENIX VAI 12*360 CC,0.08,0,0,0,0
1000832,LIMPIADOR CLOROGEL IGENIX EUC 10*900,0.08,0,0,0,0
921175,PILA ENERG C2 BP2 (MEDIANA),0.08,0,0,0,0
911011,PILA MEDIANA EX DUR 18*12 PILAS,0.08,0,0,0,0
900486,JUREL AL NAT DEYCO (24X425 GR),0.08,0,0,0,0
900419,CHORITOS EN AG DEYCO (24X190),0.08,0,0,0,0
900400,CHORITO EN AC DEYCO (24*190),0.08,0,0,0,0
900117,ATUN DESMENUZADO .AGUA DEYCO (48),0.08,0,0,0,0
900109,ATUN DESMENUZADO.ACEITE DEYCO (48),0.08,0,0,0,0
443010,ARROZ ARUBA PREG 20*500,0.08,0,0,0,0
200105,SURTIDO MARISCOS ANGELMO 24*425 GRS,0.08,0,0,0,0
150770,POLVOS HORNEAR SB ROYAL 8*16*30GRS,0.08,0,0,0,0
100847,JUREL AL NATURAL SAN JOSE 24* 425 GRS,0.08,0,0,0,0
100682,CHORITOS EN ACEITE SAN JOSE 24*425 GRS,0.08,0,0,0,0
60417,ENCEN.RONSON CLEARLITE 20*50,0.08,0,0,0,0
60414,ENCEN.RONSON COLOURLITE BEER 20*24,0.08,0,0,0,0
60409,ENCEN.RONSON COLOURLITE 20*50,0.08,0,0,0,0
58898,LIVEAN LIMONADA AMA10*107,0.08,0,0,0,0
58897,LIVEAN HUESILLOS 10(10*7),0.08,0,0,0,0
58896,LIVEAN 10 (10X8) MELON TUN,0.08,0,0,0,0
58895,LIVEAN NAC 10(10X7) BERRIES CJA,0.08,0,0,0,0
58894,LIVEAN 10(10X7)MANGO,0.08,0,0,0,0
58893,LIVEAN 10 (10X7) PERA,0.08,0,0,0,0
58892,LIVEAN 10 (10X7)MANZANA,0.08,0,0,0,0
58891,LIVEAN 10(10X7)FRUTILLA,0.08,0,0,0,0
58890,LIVEAN 10(10X7)DURAZNO,0.08,0,0,0,0
58889,LIVEAN 10(10X7)PIÑA,0.08,0,0,0,0
58888,LIVEAN 10 (10X8) NARANJA,0.08,0,0,0,0
57990,ZUKO NAC 16(10X20) PAPAYA CN 57927,0.08,0,0,0,0
57525,NECTAR ZUKO MANZANA 4*6*200,0.08,0,0,0,0
57523,NECTAR ZUKO DURAZNO 4*6*200,0.08,0,0,0,0
57522,NECTAR ZUKO PIÑA 4*6*200,0.08,0,0,0,0
57521,NECTAR ZUKO NARANJA 4*6*200,0.08,0,0,0,0
56788,FLAN LIVEAN 15X17 CARAMELO,0.08,0,0,0,0
56786,FLAN LIVEAN 15X17 VAINILLA,0.08,0,0,0,0
56785,FLAN LIVEAN 15X17 CHOCOLATE,0.08,0,0,0,0
56784,GELATINA LIVEAN 15*20 MANZANA,0.08,0,0,0,0
56783,GELATINA LIVEAN 15*20 BERRIES,0.08,0,0,0,0
56782,GELATINA LIVEAN 15*20 LIMON,0.08,0,0,0,0
56781,GELATINA LIVEAN 15*20 PIÑA,0.08,0,0,0,0
56780,GELATINA LIVEAN 15*20 NAR,0.08,0,0,0,0
55613,MUIBON LECHE 6(6*145) CJA,0.08,0,0,0,0
55611,MUIBON LECHE 24X24X12 GRS,0.08,0,0,0,0
55608,MUIBON COOKIES&CREAM 24*24*11 GRS,0.08,0,0,0,0
55607,MUIBON FLOW LECHE 12X12X48 GRS,0.08,0,0,0,0
55605,MUIBON FLOW LECHE 12X20X18 GRS,0.08,0,0,0,0
55604,MUIBON FLOW BLANCA 12X12X48 GRS,0.08,0,0,0,0
55603,MUIBON MANI 4X12X100 GRS,0.08,0,0,0,0
54702,LEV.SECA DIS.PAKMAYA 24*10*11 GRAMOS,0.08,0,0,0,0
54701,LEV.SECA DISPLAY 24*10*10(100002027),0.08,0,0,0,0
54435,LIVEAN NECT TETRA FRUTIFRU (4*6*200),0.08,0,0,0,0
54434,LIVEAN NECT TETRA PIÑA*6 UN (4*6*200),0.08,0,0,0,0
54433,LIVEAN NECT TETRA MANZ*6 UN (4*6*200),0.08,0,0,0,0
54432,LIVEAN NECT TETRA DURAZ*6 UN (4*6*200),0.08,0,0,0,0
54431,LIVEAN NECT TETRA NARANJA*6 UN (4*6*200),0.08,0,0,0,0
52111,TE ORJAS CAN 48X30 GRS,0.08,0,0,0,0
50063,CAFE GOLD (6 UN) 48*50 GRS,0.08,0,0,0,0
47407,AZUCAR 10X1 CAMPO LINDO,0.08,0,0,0,0
44801,JUGO LIMON 250*6(24*250) (8010015),0.08,0,0,0,0
44302,VINAGRE ROSADO (24*250)(1010025),0.08,0,0,0,0
44301,VINAGRE BLANCO (24*250)(1010015),0.08,0,0,0,0
40420,ARROLLADO HUASO MOLDE,0.05,0,0,1,1
30302,PERNIL MANO COCIDO,0.08,0,0,1,1
26138,HIG FAV ACOL ALMACENE 12*4*22 MTS,0.08,0,0,0,0
26132,HIG FAV SENSACION 12*4*22 MTS(26173),0.08,0,0,0,0
26031,TOALLA FAV HOGAR 8*3 *12 MTS,0.08,0,0,0,0
26021,SERV FAV PRAC COCKT 24*200 SERV,0.08,0,0,0,0
25220,CREMA NTZZ 18*60 CHAMPIÑON CJA,0.08,0,0,0,0
25215,SOP NTZZ 18*55 CARACOLITO CJA,0.08,0,0,0,0
24175,AC.MIRAFLORES MARAVILLA 15*1(24175),0.08,0,0,0,0
22698,ESPIRALES 5 KG.,0.08,0,0,0,0
22692,TALLARINES 77 5 KG.,0.08,0,0,0,0
22691,SPAGUETTI 5 KG.,0.08,0,0,0,0
22690,CAB.ANGEL 5 KG.,0.08,0,0,0,0
22284,PACK 5 ESPIRALES +1 SALSA 6x cja,0.08,0,0,0,0
22282,PACK 5 TALL 77+1SALSA 6xcja,0.08,0,0,0,0
18456,ESPIRALES 30*400 GR.,0.08,0,0,0,0
18448,RIGATTI LUCHETTI 30*400,0.08,0,0,0,0
18433,QUIFARO 30*400 GR,0.08,0,0,0,0
18281,MARIPOSAS 250 GR.(48),0.08,0,0,0,0
18235,CARACOLITO 250 GR.(48),0.08,0,0,0,0
18231,DEDALITO 250 GR.(48),0.08,0,0,0,0
11488,CORBATAS 30*400 GR.,0.08,0,0,0,0
10230,SALAME COCIDO 85 MM-110 MM(1.9-2.9),0.05,0,0,1,1
10225,PATE JAMON AHUMADO 120 grs,0.05,0,0,1,1
10221,CHORIZO PARRILLERO VACIO 600 GRS APROX,0.05,0,0,1,1
10220,LONGANIZA VACIO 0.5 GRS APROX,0.05,0,0,1,1
10219,CHORIZO ROJO VACIO 0.5 GRS APROX,0.05,0,0,1,1
10215,QUESO DE CABEZA CON MERQUEN,0.05,0,0,1,1
10214,TOCINO AHUMADO LAMINADO,0.05,0,0,1,1
10203,JAMON COLONIAL 3 K. APROX,0.08,0,0,1,1
10148,PATE DE CAMPO 120grs,0.05,0,0,1,1
10141,ARROLLADO LOMO ESPECIAL,0.05,0,0,1,1
10139,PRIETAS VACIO 450 GRS APROX,0.05,0,0,1,1
10125,PATE JAMON 120grs,0.05,0,0,1,1
10115,QUESO DE CABEZA,0.05,0,0,1,1
10110,GALANTINA CON HUEVO,0.05,0,0,1,1
10108,TURIN 3 KILOS APROX,0.05,0,0,1,1
8807,ENCEN.RONSON COCINA TUBO CORTO NEGRO 12*,0.08,0,0,0,0
8316,YERBA MATE YIYI 40*250,0.08,0,0,0,0
4806,MAYONESA KRAFT 12X850 GRS(1002874),0.08,0,0,0,0
2092,CREMA NESTLE 48*236 GRS,0.08,0,0,0,0
2091,CREMA NESTLE 48*157,0.08,0,0,0,0
2041,NESCAFE 24*50 GRS,0.08,0,0,0,0
2032,NESCAFE TRAD pack 2X170 GRS,0.08,0,0,0,0
2031,NESCAFE SOBRE stick 96 * 1.8 GRS,0.08,0,0,0,0
2001,LECHE CONDENSADA 48*397 NESTLE,0.08,0,0,0,0
1344,HARINA CORONA AZUL 3 KILOS,0.08,0,0,0,0
1333,HARINA LINDEROS S/P 10*1,0.08,0,0,0,0
1322,HARINA LINDEROS C/P 10*1,0.08,0,0,0,0
1321,CABELLITOS 5 KILOS(22694),0.08,0,0,0,0
1311,QUIFAROS 5 KILOS(22693),0.08,0,0,0,0
974,BON1 UN MARG PAMPERI 10X1 BOL (30000074),0,1,0,1,0
973,BON1 PAMPERITA 10X1 (30000073),0,1,0,1,0
541,SEMOLA (40*250),0.08,0,0,0,0
495,VELAS STANDAR 50.UNIDADES,0.08,0,0,0,0
482,Q.CREMA COLUN 4*10*100GRS(2433109),0.08,0,0,1,0
478,SAL LOBOS 10*1 YODADA(3000491),0.08,0,0,0,0
477,SAL SIRENA 10*1 (3000493),0.08,0,0,0,0
475,AZUCAR FLOR IANZA 20*500,0.08,0,0,0,0
471,ARROZ ARUBA LAMINADO 10*1 VERD(443025),0.08,0,0,0,0
469,ARROZ ARUBA PREG.10*1 KG(444002),0.08,0,0,0,0
467,ARROZ ARUBA 10*1 KG ROJO(283005),0.08,0,0,0,0
466,ARROZ ARUBA 20*500(283006),0.08,0,0,0,0
449,JUGO LIMON 12*500 CC TRAVERSO(8010035),0.08,0,0,0,0
446,VINAGRE ROSADO 12*500 C.C(1010045),0.08,0,0,0,0
445,VINAGRE BLANCO 12*500 C.C(1010035),0.08,0,0,0,0
366,BON1 UN GAUDA LAM 2X5KG 300000366,0,1,0,1,1
362,BON 1 UN MANJAR CA DUL CHIL 2X6 30000362,0,1,1,0,0
119,BON 1 K.QUESO INDUSTRIAL PUNTA 20000119,0,1,0,1,1
106,BON1UN CONDESA HORNE VEG 20X1 (30000106),0,1,1,1,0
104,BON1 UN HORNITO HOJA 20X1 (30000104),0,1,1,1,0
103,BON1 UN HORNITO HORNEO 20X1 (30000103),0,1,1,1,0
101,BON 1 UN CRUCINA 20X1 30000118,0,1,1,1,0
3705,SALSA TOM.LUCCHETTI ITALIANA 24*200,0.08,0,0,0,0
533,TALLARINES 77 25*400(533),0.08,0,0,0,0
53324,KRYZPO 14*130 GRS ORIGINAL(53324),0.08,0,0,0,0
53571,KRYZPO 8X6X40 (53571),0.08,0,0,0,0
18447,CANUTOS 30*400(18447),0.08,0,0,0,0
18451,CABELLITOS 30*400 (18451),0.08,0,0,0,0
18436,CARACOLES 30*400(18436),0.08,0,0,0,0
230,SPAGUETTI 25*400(230),0.08,0,0,0,0
53325,KRYZPO 14*130 QUESO,0.08,0,0,0,0
22171,LASAÑA LUCCHETTI 14 *360,0.08,0,0,0,0
450103,QUESO CREMA CREAM CHE 12*227 GR,0.08,0,0,1,0
49516,DONNA NOSOTR EXTRA PROINVI TEL 4*6*6,0.08,0,0,0,0
49778,DONNA TOALLA B.NOCHES TEL WB 4*6*8,0.08,0,0,0,0
50518,JAMON SANDWICH 3.8 APROX,0.05,0,0,1,1
18443,MOSTACHOLI 30*400(18443),0.08,0,0,0,0
10103,JAMON PIERNA GRADO 1 3 K. APROX,0.05,0,0,1,1
55614,MUIBON MANI 6(12*40) CJA,0.08,0,0,0,0
4803,MAYONESA KRAFT 24X200 GRS(1002876),0.08,0,0,0,0
10105,MORTADELA JAMONADA 3.2 APROX,0.05,0,0,1,1
106043,DONNA PD CORTOS 6X6X15(106043,0.08,0,0,0,0
48875,DONNA NATURAL NORMAL ALAS 5X6X8(49815,0.08,0,0,0,0
30001145,MERM DAMASCO LOS LAGOS GRANEL 1X5,0.03,1,1,0,0
30001341,MANTECA ASTRA12X900 G,0.03,1,0,1,0
30001143,MERMELADA FRASCO MORA 10X500,0.03,1,0,0,0
30001144,MERM FRAMBUESA LOS LAGOS GRANEL 1X5,0.03,1,1,0,0
7001,HARINA DE MAIZ 1 KG GRAN AREPA,0.08,0,0,0,0
7004,PIRULIN TRADICIONAL LATA 155 GRS PIRULIN,0.08,0,0,0,0
7005,PIRULIN TRADICIONAL DISPLAY 24 GRS PIRUL,0.08,0,0,0,0
7011,FETTUCCINE 12-500 GRS DIVELLA,0.08,0,0,0,0
7012,TOMATE PASSATA FRASCO 680 .DIVELLA,0.08,0,0,0,0
7002,JAMON ENDIABLADO EN LATA 120 GR UNDERWOO,0.08,0,0,0,0
7009,FLIPS DULCE DE LEC BOLSA 120 GRS FLIPS,0.08,0,0,0,0
30305,ARROLLADO DE PERNIL,0.05,0,0,1,1
7006,FILPS CHOCOLATE 220 GRS FLIPS,0.08,0,0,0,0
7007,FLIPS DULCE LECHE 220 GRS FLIPS,0.08,0,0,0,0
7008,FLIPS CHOCOLATE BOLSA 120 GRS FLIPS,0.08,0,0,0,0
7015,PROSCIUTTO DELIZIA 60 GRS CASSINI,0.08,0,0,0,0
7016,JAMON SERRANO 100 GR DN SANCHO,0.05,0,0,0,0
25230,CREMA NTZZ 18*60 ESPARRAGOS CJA,0.08,0,0,0,0
7003,PIRULIN TRADICIONAL LATA 300 GRS PIRULIN,0.08,0,0,0,0
7013,CAFÉ EXTRAFORTE 250 GR MELITTA,0.08,0,0,0,0
3000,KIT PASTELERIA WATTS (3PRODUCTOS),0,0,0,0,0
56301,CHANT 3/4 CREM 48X60 CAJA,0.08,0,0,0,0
7014,PASSATA TETRAPACK 200 GR (1UN),0.08,0,0,0,0
1002747,MAYONESA KRAFT FRASCO 12*794,0.08,0,0,0,0
60418,ENCEN.RONSON COLOURLITE HIPPIE 20*24,0.08,0,0,0,0
141002500,BIO FRESCURA BOSQUE NATIVO 7X2.5KG,0.08,0,0,0,0
144002500,BIO FRESCURA DESIERTO FLORIDO 7X2.5 KG,0.08,0,0,0,0
57079,ZUKO NAC 16(10X20) GUANABANA,0.08,0,0,0,0
57080,ZUKO NAC 16(10X20) GUAYABA,0.08,0,0,0,0
57081,ZUKO NAC 16(10X20) LULADA,0.08,0,0,0,0
50300,GOLD NAC 24(8X15) LATTE VAINILLA,0.08,0,0,0,0
50301,GOLD NAC 24(8X15) CAPUCCINO,0.08,0,0,0,0
50304,GOLD NAC 24(8X15) VAINILLA LIGHT,0.08,0,0,0,0
1009378,ATUN LOMITO DEYCO AC (48*170)(900249),0.08,0,0,0,0
900257,ATUN LOMITO DEYCO AG.(48*170)(900257),0.08,0,0,0,0
1008661,DESODORANTE AROM FRUC 12*225 GRS,0.08,0,0,0,0
1008678,DESODORANTE AROM JLAV 12*225 GRS,0.08,0,0,0,0
1008692,DESODORANTE AROM LFLO 12*225 GRS,0.08,0,0,0,0
1116212,BETUN CREMA VIRG.NEGRO 24*80 GRS,0.08,0,0,0,0
50302,GOLD NAC 24(8X15) MOKA LACT,0.08,0,0,0,0
1005608,LIMPIADOR DESINF.IGENIX LAV 10*900,0.08,0,0,0,0
1008371,TRAPEROS PISOS MULTI.LFLO VIRGI.12*10,0.08,0,0,0,0
1008739,TRAPEROS PISOS MULT.MVERDE VIRGINIA 12*1,0.08,0,0,0,0
1008869,TRAPEROS PISOS NAR VIRGINIA 12*10UN,0.08,0,0,0,0
1008876,TRAPEROS PISOS CITRUS IGENIX 12*10 UN,0.08,0,0,0,0
1009262,IGENIX WIPES FRASCO 12*40UN,0.08,0,0,0,0
1009422,LIMPIADOR DESINF.IGENIX MVERDE 10*900,0.08,0,0,0,0
1009576,IGENIX WIPES DESINFECCION BOLSA 20*20UN,0.08,0,0,0,0
1009583,IGENIX WIPES DESINFECCION BOLSA 12*50 UN,0.08,0,0,0,0
1005615,LIMPIADOR DESINF.IGENIX VAI 10*900,0.08,0,0,0,0
18449,RIGATTI TR3S 30*400 GRS,0.08,0,0,0,0
18457,ESPIRALES TR3S 30*400 GRS,0.08,0,0,0,0
22159,CORBATAS TR3S 30*400 GRS,0.08,0,0,0,0
235,SPAGUETTI 5 TR3S 25*400 GRS,0.08,0,0,0,0
55619,MUIBON BOMBON COCO 6(20*13),0.08,0,0,0,0
1008616,IGENIX WIPES REFILL 12*35 UN 1009279,0.08,0,0,0,0
145002500,BIO FRESCURA CAMPOS DE HIELO 7X2.5KG,0.08,0,0,0,0
1001932,KETCHUP DPACK 12*900 H.TOMATO,0.08,0,0,0,0
20000119,QUESO INDUSTRIAL PUNTA,0.03,1,0,1,1
22285,PACK 5 N5+SALSA LUCH (6XCJA) CJA(22285,0.08,0,0,0,0
240,CAB ANGEL 25*400(240),0.08,0,0,0,0
129,TALLARINES 78 25*400 GR.(129),0.08,0,0,0,0
7017,PASSATA RUSTICA 680 GR CIRIO,0.08,0,0,0,0
1009606,IGENIX WIPES DESINFECCION FRASCO 4X400 U,0.08,0,0,0,0
1001329,KETCHUP HDPACK 12X620 GRS(1003284,0.08,0,0,0,0
1010235,VINAGRE MANZANA 12X500 TRAVERSO,0.08,0,0,0,0
3610010,ESENCIA VAINILLA (CJA6X250) TRAVERSO,0.08,0,0,0,0
30001404,LONCO BREAK CAPPUCCINO 18X250,0.03,1,0,0,0
30001406,LONCO BREAK CHAI LATTE 18X250,0.03,1,0,0,0
30001407,LONCO BREAK CHOCO AVELLANA 18X250,0.03,1,0,0,0
30001411,LONCO PROTEIN CAPPUCCINO 18X200,0.03,1,0,0,0
30001423,LONCO PROTEIN FULL PRO VAINILLA 18X250,0.03,1,0,0,0
16002932,FUZOL LAVALOZAS LIMON DP 12*1000 2021,0.08,0,0,0,0
50303,GOLD NAC 24(8X15) CARAMEL LAT,0.08,0,0,0,0
53326,KRYZPO NAC 14*130 CREMA CEBOLLA,0.08,0,0,0,0
53572,KRYZPO 8X6X37 QUESO,0.08,0,0,0,0
57959,ZUKO NAC 16(10X20) FRAMBUESA CN,0.08,0,0,0,0
1002571,KETCHUP DP HEINZ 24*190 GS,0.08,0,0,0,0
1002749,MAYONESA KRAFT 12 * 397 GRS,0.08,0,0,0,0
1002877,MAYONESA KRAFT 18 X 90 GRS,0.08,0,0,0,0
1009439,LIMPIADOR IGENIX DESIN.Fflo 10X900,0.08,0,0,0,0
1003050,TABASCO ORIGINAL SAUCE 12*60 ML,0.08,0,0,0,0
55606,MUIBON FLOW CHOC LECHE PACK3UN 48 X CJA,0.08,0,0,0,0
38,BON 1 UN AC. BELMONT 12X1 30000038,0,1,0,0,0
22696,CORBATAS 5 KILOS(22696),0.08,0,0,0,0
30001351,MANTEQUILLA CALO 50X100G,0.03,1,0,1,0
30001405,LONCO BREAK CARAMEL 18X250,0.03,1,0,0,0
30001412,LONCO PROTEIN CHOCOLATE 18X200,0.03,1,0,0,0
30001414,BONMOMENT CAPUCCINO 18X200,0.03,1,0,0,0
30001142,MERMELADA FRASCO DAMASCO 10X500,0.03,1,0,0,0
30001342,SUREÑA MIX PAN 40X200,0.03,1,0,1,0
65,BON 1 BIDON CRUZTECA FRITO MAS(30000065),0,1,1,0,0
7500,COMODIN,0,0,0,0,0
30001447,MARGARINA DOÑA JUANITA 12*1,0.03,1,1,1,0
30001448,MANTECA IND AMASA 12X1KG,0.03,1,1,0,0
53573,KRYZPO 8X6X37 CREMA CEBOLLA,0.08,0,0,0,0
24176,AC.MIRAFLORES VEG. 15*1(24176),0.08,0,0,0,0
57690,LIVEAN POUCH NAC 18X90G MANZANA,0.08,0,0,0,0
57691,LIVEAN POUCH NAC 18X90G PERA,0.08,0,0,0,0
57692,LIVEAN POUCH NAC 18X90G DURAZNO,0.08,0,0,0,0
1001,MR.NOODLES P. INST.SABOR CARNE 12*64GRS,0.08,0,0,0,0
1002,MR.NOODLES P. INST.SABOR POLLO 12*64GRS,0.08,0,0,0,0
1003,MR.NOODLES P. INST.SABOR VEGETALES 12*64,0.08,0,0,0,0
1004,MR.NOODLES P. INST.SABOR POLLO PICANTE12,0.08,0,0,0,0
1005,MR.NOODLES P. INST.SABOR THAI 12*64GR,0.08,0,0,0,0
53591,KRYZPO NAC 14*130 MERKEN,0.08,0,0,0,0
1003054,MAYONESA DELI KRAFT 18*170 GRS,0.08,0,0,0,0
53574,KRYZPO 8X6X37 PIZZA,0.08,0,0,0,0
26029,SER.CLASICA COCKT 60PAQ DE 50HS,0.08,0,0,0,0
30001471,MANTEQUILLA LAS PARCELAS 20X250,0.03,1,0,1,0
30001461,QUESO SAN RAFAEL P3,0.05,1,0,1,1
30001376,FULL PROTEIN LONCO CHOCOLATE 18X250,0.03,1,0,0,0
30001413,BONMOMENT DOUBLE SHOT 18X200,0.03,1,0,0,0
30001415,BONMOMENT MOCACCINO 18X200,0.03,1,0,0,0
30001419,BONMOMENT CARAMEL 18X200,0.03,1,0,0,0
30001437,NEC W SELECCIÓN PAPAYA 6X1.75LT,0.03,1,0,0,0
57928,ZUKO NAC 16(10X20) LIMÓN DULCE CN,0.08,0,0,0,0
57958,ZUKO NAC 16(10X20) MANGO CN,0.08,0,0,0,0
57960,ZUKO NAC 16(10X20) MELON TUNA CN,0.08,0,0,0,0
16002713,ACOND MAQUI &ACAI DP 10*900,0.08,0,0,0,0
16002807,SHAM LARGO INCREI DP 10*900,0.08,0,0,0,0
16002810,ACOND LARGO INCREI DP 10*900,0.08,0,0,0,0
16002896,ACOND ONDA Y RIZO DP 10*900,0.08,0,0,0,0
16002963,SHAM CARBON DP 10*900,0.08,0,0,0,0
16002964,ACOND CARBON DP 10*900,0.08,0,0,0,0
57952,ZUKO NAC 16(10X20) PIÑA CN,0.08,0,0,0,0
57953,ZUKO NAC 16(10X20) DURAZNO CN,0.08,0,0,0,0
57955,ZUKO NAC 16(10X20) MANZANA CN,0.08,0,0,0,0
57956,ZUKO NAC 16(10X20) NARANJA PLÁTANO CN,0.08,0,0,0,0
1003390,MULTIUSOS VIRGINIA D/P 10X400 ML,0.08,0,0,0,0
30001408,LECHE POLVO SUPER CALO 20X850GR,0.03,1,0,0,0
30001409,LECHE POLVO CALO 26% INST 20X850GR,0.03,1,0,0,0
57929,ZUKO NAC 16(10X20) HUESILLO CN,0.08,0,0,0,0
55646,MUIBON ALMENDRAS 18X120 CAJA,0.08,0,0,0,0
114,BON1 UN CRUCINA PANADERA 10X1 (30000114),0,1,1,1,0
57954,ZUKO NAC 16(10X20) FRUTILLA CN,0.08,0,0,0,0
30001401,MARGARINA CALO 12X450 GRS,0.03,1,0,1,0
57951,ZUKO NAC 16(10X20) NARANJA CN,0.08,0,0,0,0
1002836,LUSTRAMUEBLES VIRGINIA VAI 12*250 ML,0.08,0,0,0,0
50061,GOLD CAFÉ 24X170 GRS,0.08,0,0,0,0
472,BON 1 UN LECHE LONCO ALMENDRA 30000472,0,1,0,0,0
57957,ZUKO NAC 16(10X20) DAMASCO CN,0.08,0,0,0,0
22699,MOSTACHOLI 5 KILOS(22699),0.08,0,0,0,0
18484,CORBATITAS 30*400(18484),0.08,0,0,0,0
30001478,LONCO VEGETAL COCO NAT END 24X140,0.03,1,0,1,0
30001473,CULT LONCO PROTEIN VAINILLA 6X900,0.03,1,0,1,0
30001483,YOG DAN L&F SKYR BERRIES 12X140,0.03,1,0,1,0
30001484,YOG DAN L&F SKYR DURAZNO 12X140,0.03,1,0,1,0
30001474,CULT LONCO PROTEIN BERRIES 6X900,0.03,1,0,1,0
50004,GOLD NAC 12X100 GRS PREMIER FRAS.CHOCOLA,0.08,0,0,0,0
50182,GOLD STICK 10 (96X1.8) CAJA,0.08,0,0,0,0
50310,GOLD NAC 24(8X15)COOKIES&CREAM,0.08,0,0,0,0
50311,GOLD NAC 24(8X15)DULCE DE LECHE,0.08,0,0,0,0
50000,GOLD NAC 12X170 GRS PREMIER FRASCO,0.08,0,0,0,0
359,BON 1 UN CREMA TRES LECHES CALO 30000359,0,1,1,0,0
50001,GOLD NAC 12X100 GRS PREMIER FRASCO,0.08,0,0,0,0
50002,GOLD NAC 24X50 GRS PREMIER FRASCO,0.08,0,0,0,0
50006,GOLD NAC 12X100 GRS PREMIER FRAS.VAINILL,0.08,0,0,0,0
304,BON 1 GAUDA CALO P3 30000304,0,1,0,1,1
543,BON1 BE VEGETAL LCO AVENA 6X1 (30000543),0,1,0,0,0
102,BON 1 UN CONDESA HOJA VEG 10X2 30000102,0,1,1,1,0
3001001401,AJI COLOR PIMENTON PACK 10*10*15 GRS,0.08,0,0,0,0
3001001404,ALIÑO COMPLETO PACK 10*10*15 GRS,0.08,0,0,0,0
3001001407,BICARBONATO PACK SURCO 10*10*30 GRS,0.08,0,0,0,0
3001001409,CANELA ENTERA SURCO PACK 10*10*15 GRS,0.08,0,0,0,0
3001001413,COMINO MOLIDO PACK SURCO 10*10*15 GRS,0.08,0,0,0,0
3001001423,PIMIENTA NEGRA MOLIDA PACK 10*10*15 GRS,0.08,0,0,0,0
3001001438,PIMIENTA BLANCA MOLIDA PACK 10*10*15 GRS,0.08,0,0,0,0
3001006303,ALMIDON DE MAIZ CAMPINO 6*10*100 GRS,0.08,0,0,0,0
3001001403,AJO EN POLVO SURCO PACK 10*10*8 GRS,0.08,0,0,0,0
3707,SALSA TOM.LUCCHETTI NATURAL 24*200,0.08,0,0,0,0
1008769,ESPONJA CALZADO VIRG.A/B NEU 18X1,0.08,0,0,0,0
3001001402,AJI MERKEN PACK SURCO 10*10*15 GRS,0.08,0,0,0,0
1413,BON 1 UN BONMOMENT DOU SHOT200 30001413,0,1,0,0,0
1419,BON 1 UN BONMOMENT CARA 18X200 30001419,0,1,0,0,0
128,BON 1 UN CRUCI SABOR PLUS 10*1 30000128,0,1,1,1,0
3001001454,OREGANO ENTERO DISPLAY 4*10*20 GRS,0.08,0,0,0,0
30001479,POUCH WATT´S PERA 36X90GR,0.03,1,0,0,0
30001480,POUCH WATT´S MULTIFRUTAS 36X90GR,0.03,1,0,0,0
30001481,POUCH WATT´S DURAZNO 36X90GR,0.03,1,0,0,0
30001482,POUCH WATT´S MANZANA 36X90GR,0.03,1,0,0,0
26053,TOALLA FAV HOGAR MINI 10HD 8X3*10 MTS,0.08,0,0,0,0
150,VENCIDO POLVOS ROYAL 8*16*30,0,0,0,0,0
1002941,MOSTAZA DP HEINZ 12X350 GR,0.08,0,0,0,0
98,PIZARRAS SAN RAFAEL,0,1,0,0,0
99,EXHIBIDOR CREMA LONCO,0,0,0,0,0
350,BON 1 CREMA PASTEURI CALO 6*1 (30000350),0,1,1,1,0
30001402,MARGARINA CALO LIGHT 12X450GR,0.03,1,0,1,0
538,BON 1UN PREP HEL CHOC BOLSA 1X10 (538),0,1,1,1,0
55647,MUIBON ALMENDRAS 6*12*25 GRS,0.08,0,0,0,0
1447,BON 1UN MARG DOÑA JUANITA 12X1(30001447),0,1,1,1,0
55670,GALLETA MUIBON CHOCTELLA 24X90 GRS,0.08,0,0,0,0
55671,GALLETA MUIBON CHOC MALVA 24X81 GRS,0.08,0,0,0,0
55660,GALLETA MUIBON CHOCO TWIST PACK 20(8*40),0.08,0,0,0,0
55669,GALLETA MUIBON CHOC SANDWICH 24*125,0.08,0,0,0,0
55661,GALLETA MUIBON CHOC TWIST 24X153GRS,0.08,0,0,0,0
1006079,PASTILLAS ESTANQUE IGENIX AZUL 3X12*48,0.08,0,0,0,0
1009705,IGENIX DETER. DILUIDO 4X3 LTS MAQ,0.08,0,0,0,0
1009347,JABON LIQ ANT.AVENA DP 10X900 DT-70,0.08,0,0,0,0
30001511,QUESO SAN RAFAEL ESCALONADO 16*133,0.03,1,0,1,0
30001485,ALIMENTO LIQUIDO ALMENDRA NATURAL 12X1LT,0.03,1,0,0,0
105,BON 1 UN BATERKRIM VEG 20X1 30000105,0,1,1,1,0
391,BON 1 UN ALIM. SOYA CHOCO 12X1 30000391,0,1,0,0,0
22070,LUCHE P.PRONTA MACARONI&C (20),0.08,0,0,0,0
22073,LUCHE.P.PRONTA CARACOL AL (20),0.08,0,0,0,0
1002829,LUSTRAMUEBLES VIRGINIA LAV 12*250 ML,0.08,0,0,0,0
30001486,JUGO 100% FRUTA LV WATTS NRJA 30X200ML,0.03,1,0,0,0
30001487,JUGO 100% FRUTA LV WATTS MZNA 30X200ML,0.03,1,0,0,0